Numero_Proceso,Tiempo_Inicio,Tiempo_Final
1,220.66666666666572,221.66666666666572
2,222.66666666666572,223.66666666666572
3,224.66666666666572,226.66666666666572
4,227.66666666666572,228.66666666666572
5,229.66666666666572,230.66666666666572
6,231.66666666666572,232.66666666666572
7,233.66666666666572,234.66666666666572
8,235.66666666666572,236.66666666666572
9,237.66666666666572,238.66666666666572
10,239.66666666666572,240.66666666666572
11,241.66666666666572,242.66666666666572
12,243.66666666666572,244.66666666666572
13,245.66666666666572,246.66666666666572
14,247.66666666666572,248.66666666666572
15,249.66666666666572,250.66666666666572
16,251.66666666666572,252.66666666666572
17,253.66666666666572,254.66666666666572
18,255.66666666666572,256.6666666666657
19,257.6666666666657,258.6666666666657
20,259.6666666666657,260.6666666666657
21,261.6666666666657,262.6666666666657
22,263.6666666666657,264.6666666666657
23,265.6666666666657,266.6666666666657
24,267.6666666666657,268.6666666666657
25,269.6666666666657,270.6666666666657
26,271.6666666666657,272.6666666666657
27,273.6666666666657,274.6666666666657
28,275.6666666666657,276.6666666666657
29,277.6666666666657,278.6666666666657
30,279.6666666666657,280.6666666666657
31,281.6666666666657,282.6666666666657
32,283.6666666666657,284.6666666666657
33,285.6666666666657,286.6666666666657
34,287.6666666666657,288.6666666666657
35,289.6666666666657,290.6666666666657
36,291.6666666666657,292.6666666666657
37,293.6666666666657,294.6666666666657
38,295.6666666666657,296.6666666666657
39,297.6666666666657,298.6666666666657
40,299.6666666666657,300.6666666666657
41,301.6666666666657,302.6666666666657
42,303.6666666666657,304.6666666666657
43,305.6666666666657,306.6666666666657
44,307.6666666666657,308.6666666666657
45,309.6666666666657,310.6666666666657
46,311.6666666666657,312.6666666666657
47,313.6666666666657,314.6666666666657
48,315.6666666666657,316.6666666666657
49,317.6666666666657,318.6666666666657
50,319.6666666666657,320.6666666666657
